{
  "accuracy": 0.8453270549698024,
  "precision": 0.7332205301748449,
  "recall": 0.5560307955517536,
  "f1": 0.6324495256628557
}