{
  "accuracy_manual": 0.8453270549698024,
  "precision_manual": 0.7332205301748449,
  "recall_manual": 0.5560307955517536,
  "f1_manual": 0.6324495256628557
}